Neg,Neu,Pos
0.007149639539420605,0.9772567749023438,0.015593585558235645
0.04697783291339874,0.9442866444587708,0.008735580369830132
0.006825505290180445,0.97718745470047,0.01598699949681759
0.021373139694333076,0.9662116765975952,0.012415226548910141
0.042362432926893234,0.9483238458633423,0.009313732385635376
0.0020915314089506865,0.9152482151985168,0.08266019076108932
0.018536457791924477,0.9536597728729248,0.027803707867860794
0.0018827349413186312,0.6545825004577637,0.34353482723236084
0.730762243270874,0.26485475897789,0.004383048973977566
0.0034532248973846436,0.9726224541664124,0.023924317210912704
0.004286265466362238,0.9770686030387878,0.018645083531737328
0.0028739275876432657,0.9585927724838257,0.03853331506252289
0.02383718453347683,0.961249828338623,0.014912974089384079
0.011337807402014732,0.9776877760887146,0.010974375531077385
0.015740031376481056,0.9725817441940308,0.011678178794682026
0.006403005216270685,0.677800178527832,0.3157968819141388
0.0036755972541868687,0.9757944345474243,0.02052999846637249
0.11291682720184326,0.8802309632301331,0.006852238439023495
0.3045608103275299,0.6872203946113586,0.008218741044402122
0.006342959124594927,0.9814363121986389,0.01222072634845972
0.004651352763175964,0.981357753276825,0.013990869745612144
0.00276921596378088,0.9622442722320557,0.03498644754290581
0.008950138464570045,0.9768333435058594,0.014216560870409012
0.04814997315406799,0.9424952268600464,0.00935476366430521
0.04405784606933594,0.9481984376907349,0.007743760943412781
0.003116767853498459,0.9698334336280823,0.02704983577132225
0.0029089830350130796,0.9713988304138184,0.025692125782370567
0.37338876724243164,0.6200079917907715,0.006603255867958069
0.003473828313872218,0.9398588538169861,0.0566672682762146
0.0045999097637832165,0.9766432046890259,0.01875695399940014
0.0019858141895383596,0.9274944067001343,0.07051979005336761
0.0021698896307498217,0.880781352519989,0.11704879254102707
0.00269571621902287,0.9289606809616089,0.06834356486797333
0.013554935343563557,0.9736294150352478,0.01281566172838211
0.053686343133449554,0.9238176345825195,0.02249603532254696
0.0017229444347321987,0.293182373046875,0.7050946950912476
0.004362143576145172,0.9603418111801147,0.035296011716127396
0.06895662099123001,0.9222223162651062,0.008821055293083191
0.01472452376037836,0.914118230342865,0.07115726917982101
0.8962243795394897,0.10064443945884705,0.003131178906187415
0.024204080924391747,0.9655399322509766,0.010255979374051094
0.012191148474812508,0.9775727987289429,0.010235992260277271
0.0071857646107673645,0.9781241416931152,0.014690062962472439
0.0024422702845185995,0.9377490878105164,0.05980868637561798
0.40067169070243835,0.5912298560142517,0.008098450489342213
0.10083236545324326,0.8920695185661316,0.007098066154867411
0.7551276683807373,0.24071890115737915,0.004153439775109291
0.05249124392867088,0.9401195645332336,0.007389139384031296
0.0033489458728581667,0.9774061441421509,0.019244881346821785
0.0019875664729624987,0.9067725539207458,0.09123993664979935
0.011619966477155685,0.9673346281051636,0.02104533463716507
0.007760724984109402,0.9667547345161438,0.025484539568424225
0.0025848979130387306,0.9653041362762451,0.03211096674203873
0.007568107917904854,0.9808666706085205,0.011565295048058033
0.01912536472082138,0.9700368642807007,0.010837839916348457
0.010464951395988464,0.9778653383255005,0.011669750325381756
0.2447005957365036,0.747736930847168,0.007562512531876564
0.004076098557561636,0.9801187515258789,0.01580510474741459
0.009707159362733364,0.9774966239929199,0.012796281836926937
0.03199495002627373,0.9572348594665527,0.010770202614367008
0.08511495590209961,0.9074981808662415,0.007386848796159029
0.6286911368370056,0.36574164032936096,0.005567212589085102
0.04426028952002525,0.9464014172554016,0.009338322095572948
0.0017463916447013617,0.2530288100242615,0.7452247738838196
0.4833900034427643,0.5106492638587952,0.005960769951343536
0.9579607844352722,0.039273522794246674,0.002765628509223461
0.007260483223944902,0.9765735864639282,0.016165928915143013
0.8775327801704407,0.11928141117095947,0.003185817738994956
0.07281138002872467,0.9194566011428833,0.0077320486307144165
0.0018424630397930741,0.9396987557411194,0.05845879763364792
0.0038387805689126253,0.9008699059486389,0.09529126435518265
0.008745422586798668,0.9797128438949585,0.011541773565113544
0.32804596424102783,0.6652480959892273,0.0067059132270514965
0.02867099642753601,0.9607362747192383,0.010592774488031864
0.08857928961515427,0.8996114730834961,0.011809251271188259
0.00799607578665018,0.9802348613739014,0.011769051663577557
0.32269155979156494,0.6691167950630188,0.008191671222448349
0.03287754952907562,0.955409049987793,0.011713364161550999
0.0013828289229422808,0.46832260489463806,0.5302945375442505
0.03287754952907562,0.955409049987793,0.011713364161550999
0.005815468262881041,0.9811521768569946,0.013032319955527782
0.016374843195080757,0.9718989729881287,0.011726202443242073
0.05029949173331261,0.9358270764350891,0.013873415067791939
0.2977263331413269,0.6937026977539062,0.008570946753025055
0.21612969040870667,0.776807963848114,0.00706236157566309
0.15356962382793427,0.8393927216529846,0.007037642411887646
0.04068569466471672,0.9478756785392761,0.011438639834523201
0.8567003011703491,0.13965819776058197,0.003641529707238078
0.20451267063617706,0.789061963558197,0.006425321102142334
0.5461678504943848,0.447976291179657,0.005855857860296965
0.0037160355132073164,0.9642524719238281,0.03203149884939194
0.050064973533153534,0.9409841895103455,0.008950839750468731
0.010508623905479908,0.9760385155677795,0.013452892191708088
0.004063976928591728,0.9671308994293213,0.02880515158176422
0.026365336030721664,0.964870810508728,0.008763846941292286
0.10816936194896698,0.8849567174911499,0.006873912177979946
0.0030776706989854574,0.9734109044075012,0.023511454463005066
0.0024610876571387053,0.9688966274261475,0.02864229679107666
0.09568627178668976,0.8924058675765991,0.011907842941582203
0.003568453947082162,0.9761600494384766,0.020271435379981995
0.004171435721218586,0.9782633185386658,0.017565205693244934
0.09274764358997345,0.8985628485679626,0.008689474314451218
0.0025453330017626286,0.9715859293937683,0.025868693366646767
0.06670981645584106,0.9241529107093811,0.009137329645454884
0.007797207683324814,0.9778528213500977,0.014350022189319134
0.5887871980667114,0.40573471784591675,0.005478125065565109
0.1798224300146103,0.8119120001792908,0.008265558630228043
0.005925940815359354,0.9787917137145996,0.015282378531992435
0.00601717596873641,0.9646382331848145,0.029344581067562103
0.058211278170347214,0.933964729309082,0.007823928259313107
0.003037465503439307,0.960820734500885,0.03614175692200661
0.20203456282615662,0.7899957895278931,0.007969715632498264
0.8792163133621216,0.11754845082759857,0.0032352625858038664
0.0052335020154714584,0.974639356136322,0.020127177238464355
0.37195026874542236,0.6222344636917114,0.0058152927085757256
0.008349770680069923,0.9798994064331055,0.011750810779631138
0.01231489609926939,0.9714599251747131,0.016225196421146393
0.04705755412578583,0.9426310062408447,0.010311401449143887
0.007001541089266539,0.9766106605529785,0.016387829557061195
0.002100488170981407,0.9171764850616455,0.08072297275066376
0.8477628827095032,0.1475023627281189,0.004734693560749292
0.002959252567961812,0.9572163820266724,0.03982429578900337
0.004619360901415348,0.9806345701217651,0.014746042899787426
0.8007346391677856,0.195126473903656,0.004138927441090345
0.004183261189609766,0.9755375981330872,0.020279129967093468
0.2135402262210846,0.7774702906608582,0.008989487774670124
0.025473948568105698,0.9612736105918884,0.013252487406134605
0.004885236267000437,0.9730066061019897,0.02210814505815506
0.06466636061668396,0.9266694784164429,0.00866415724158287
0.004595103673636913,0.9671316742897034,0.028273198753595352
0.498272567987442,0.4953797161579132,0.0063476962968707085
0.0034831264056265354,0.9807006120681763,0.01581628993153572
0.009258686564862728,0.9754197597503662,0.015321523882448673
0.003226186614483595,0.9666610360145569,0.03011275641620159
0.0018043098971247673,0.831066906452179,0.1671287566423416
0.9042330384254456,0.09259939193725586,0.00316765159368515
0.0040154471062123775,0.9717795252799988,0.024205060675740242
0.07156374305486679,0.9171622395515442,0.01127396896481514
0.004572650417685509,0.9734602570533752,0.02196703478693962
0.00499806459993124,0.9776315093040466,0.01737046055495739
0.001718725310638547,0.8937326669692993,0.10454855859279633
0.011662309058010578,0.9755423665046692,0.012795336544513702
0.017959212884306908,0.9714720845222473,0.010568682104349136
0.004033598117530346,0.9770109057426453,0.018955515697598457
0.09181679040193558,0.9009087085723877,0.007274535018950701
0.0019024440553039312,0.9411699175834656,0.05692758783698082
0.7288486361503601,0.2669866979122162,0.00416470505297184
0.033790986984968185,0.9570474624633789,0.009161585941910744
0.03061656467616558,0.9607450366020203,0.008638394065201283
0.00451640784740448,0.981074869632721,0.014408747665584087
0.002015430014580488,0.8491260409355164,0.14885856211185455
0.46503663063049316,0.528843104839325,0.006120267324149609
0.716950535774231,0.27846530079841614,0.0045842137187719345
0.9730281233787537,0.024005619809031487,0.0029662351589649916
0.20129449665546417,0.7909771203994751,0.0077284276485443115
0.207513689994812,0.7855343222618103,0.00695199565961957
0.1022796779870987,0.8884954452514648,0.00922488234937191
0.04855586588382721,0.9439586997032166,0.007485437206923962
0.17911547422409058,0.8138567805290222,0.0070277489721775055
0.07521235942840576,0.9167723059654236,0.008015279658138752
0.033987898379564285,0.9554212093353271,0.010590828955173492
0.015040894038975239,0.9733876585960388,0.011571511626243591
0.07729241251945496,0.9156504273414612,0.007057126145809889
0.14055725932121277,0.8286333084106445,0.03080946020781994
0.07133600860834122,0.9206287264823914,0.008035236038267612
0.38933396339416504,0.6037470102310181,0.006919000297784805
0.37127530574798584,0.6218167543411255,0.006907990667968988
0.00853328313678503,0.9804455637931824,0.011021148413419724
0.7512092590332031,0.2442815601825714,0.004509179387241602
0.6220202445983887,0.3725282847881317,0.005451449658721685
0.2205277979373932,0.7617752552032471,0.017696959897875786
0.5948446989059448,0.3987519443035126,0.0064033204689621925
0.03723422437906265,0.9522275924682617,0.010538212954998016
0.7443309426307678,0.25009799003601074,0.00557103892788291
0.5073657631874084,0.4863360822200775,0.006298148073256016
0.15486718714237213,0.837921142578125,0.007211688440293074
0.025780268013477325,0.9607537388801575,0.013465957716107368
0.27263015508651733,0.719154417514801,0.008215468376874924
0.11935113370418549,0.8678978681564331,0.01275100838392973
0.0028157667256891727,0.9741239547729492,0.023060226812958717
0.04233202338218689,0.9496135711669922,0.008054401725530624
0.005207819864153862,0.9620562195777893,0.032735902816057205
0.660659909248352,0.3343029022216797,0.005037239752709866
0.6882115006446838,0.30675527453422546,0.0050331950187683105
0.5307196378707886,0.4631408751010895,0.0061394753865897655
0.0034817832056432962,0.9783410429954529,0.018177207559347153
0.0019524447852745652,0.9591102004051208,0.03893735259771347
0.5740463137626648,0.4204356372356415,0.005517975427210331
0.0018983713816851377,0.7847735285758972,0.21332813799381256
0.1509484499692917,0.8401861786842346,0.00886535458266735
0.14762264490127563,0.8447777032852173,0.00759961036965251
0.004251067526638508,0.9654558897018433,0.03029300831258297
0.1744302213191986,0.8113404512405396,0.014229314401745796
0.0037323858123272657,0.9737797379493713,0.022487930953502655
0.6111788153648376,0.383232057094574,0.005589123349636793
0.006471247877925634,0.312427818775177,0.6811009049415588
0.16212356090545654,0.830955445766449,0.00692102313041687
0.09010318666696548,0.8994059562683105,0.010490900836884975
0.0037510294932872057,0.977812647819519,0.018436303362250328
0.09809917956590652,0.8937937021255493,0.008107106201350689
0.003405766561627388,0.9009420871734619,0.09565211087465286
0.0385037437081337,0.9478470087051392,0.013649255968630314
0.0007504975073970854,0.04103465378284454,0.9582148790359497
0.4182583689689636,0.5752941370010376,0.006447470281273127
0.6709951758384705,0.3236342966556549,0.005370565224438906
0.972746729850769,0.02435937710106373,0.002893937285989523
0.26565226912498474,0.7275571227073669,0.00679060211405158
0.03254389017820358,0.9586750268936157,0.008781052194535732
0.022713012993335724,0.9657031297683716,0.011583889834582806
0.01669042557477951,0.9631479382514954,0.020161623135209084
0.12079387903213501,0.8709228038787842,0.008283385075628757
0.8231599926948547,0.17306339740753174,0.00377654773183167
0.23043234646320343,0.7621678113937378,0.007399878464639187
0.6392795443534851,0.35541924834251404,0.005301215685904026
0.043272964656353,0.9450355172157288,0.011691524647176266
0.5044257044792175,0.48878878355026245,0.00678545655682683
0.0453195683658123,0.9459842443466187,0.008696143515408039
0.019153747707605362,0.9693171381950378,0.011529168114066124
0.8761565685272217,0.12034507840871811,0.0034982964862138033
0.09669860452413559,0.8929838538169861,0.010317601263523102
0.8846225142478943,0.11191289871931076,0.0034646110143512487
0.017899639904499054,0.972876250743866,0.00922404695302248
0.14095298945903778,0.852056622505188,0.006990428548306227
0.42153671383857727,0.5725907683372498,0.005872525740414858
0.005280758254230022,0.9758398532867432,0.018879391252994537
0.0024971188977360725,0.9754227995872498,0.022080065682530403
0.2808316648006439,0.7103400230407715,0.00882827676832676
0.018708763644099236,0.9701741933822632,0.011117104440927505
0.8369441032409668,0.1595076322555542,0.003548254258930683
0.034795526415109634,0.9550163745880127,0.010188049636781216
0.0022374787367880344,0.9374324679374695,0.06033004820346832
0.0020544775761663914,0.909676194190979,0.08826930820941925
0.012871216982603073,0.9716042876243591,0.015524445101618767
0.0016078073531389236,0.7170498967170715,0.2813423275947571
0.11096937954425812,0.8792382478713989,0.00979242380708456
0.9195477366447449,0.07750802487134933,0.0029442731756716967
0.03484529256820679,0.9572522044181824,0.007902514189481735
0.0038073791656643152,0.975375771522522,0.020816810429096222
0.0038344431668519974,0.9771187901496887,0.019046686589717865
0.09326920658349991,0.8969218730926514,0.009808957576751709
0.7421001195907593,0.2533023953437805,0.004597436636686325
0.0027036983519792557,0.975004255771637,0.022292008623480797
0.0015123565681278706,0.8869247436523438,0.11156285554170609
0.046699486672878265,0.9446837902069092,0.008616747334599495
0.0016462235944345593,0.7261636853218079,0.27219006419181824
0.14756008982658386,0.8454517126083374,0.00698822271078825
0.02291492559015751,0.9540741443634033,0.023010898381471634
0.008876114152371883,0.979152262210846,0.011971571482717991
0.20532183349132538,0.7846462726593018,0.01003187894821167
0.06408735364675522,0.9276253581047058,0.008287292905151844
0.012036070227622986,0.9615252614021301,0.02643864043056965
0.21352894604206085,0.7753162384033203,0.01115477830171585
0.0016152469906955957,0.7478113770484924,0.2505733370780945
0.4139939248561859,0.5799487233161926,0.006057340186089277
0.0025783260352909565,0.9616441130638123,0.035777606070041656
0.04714064300060272,0.9431071281433105,0.009752174839377403
0.1426352858543396,0.8484604358673096,0.008904258720576763
0.8268424272537231,0.1693148910999298,0.0038427691906690598
0.002445363672450185,0.8531032800674438,0.1444513201713562
0.0018848776817321777,0.934512734413147,0.06360233575105667
0.07840406149625778,0.9130635857582092,0.008532385341823101
0.004375840071588755,0.957136869430542,0.038487330079078674
0.0033791223540902138,0.9779624938964844,0.018658408895134926
0.011615422554314137,0.8383087515830994,0.15007583796977997
0.019365321844816208,0.959632158279419,0.021002590656280518
0.022128337994217873,0.9656287431716919,0.012242977507412434
0.7717259526252747,0.2238769233226776,0.004397103097289801
0.003630781313404441,0.9798460602760315,0.016523199155926704
0.032749250531196594,0.9560936689376831,0.011157120577991009
0.401750385761261,0.591664731502533,0.00658488878980279
0.0018852202920243144,0.9083703756332397,0.08974442631006241
0.09022396802902222,0.9001508355140686,0.009625219739973545
0.6006330251693726,0.39413949847221375,0.005227516870945692
0.01655386947095394,0.9736470580101013,0.009799115359783173
0.7683490514755249,0.22725974023342133,0.004391208756715059
0.0037207575514912605,0.9780508279800415,0.018228381872177124
0.0029094356577843428,0.9491441249847412,0.047946467995643616
0.24796530604362488,0.7453152537345886,0.006719473749399185
0.003688441589474678,0.9762755036354065,0.0200361255556345
0.13165678083896637,0.8601217865943909,0.008221354335546494
0.05045849457383156,0.9396579265594482,0.009883621707558632
0.0193718783557415,0.9647377729415894,0.01589041016995907
0.010028153657913208,0.9779765009880066,0.011995325796306133
0.6061798930168152,0.38697436451911926,0.006845731288194656
0.23183342814445496,0.7596198916435242,0.008546669036149979
0.2172776609659195,0.7760735750198364,0.00664873979985714
0.009296114556491375,0.9779810309410095,0.012722887098789215
0.0019002757035195827,0.961503803730011,0.036595892161130905
0.8441305160522461,0.15237197279930115,0.0034975241869688034
0.42200562357902527,0.5718086957931519,0.006185686215758324
0.10218410938978195,0.8908371329307556,0.006978780496865511
0.0017602816224098206,0.7717649340629578,0.22647476196289062
0.09686998277902603,0.8935369253158569,0.009593046270310879
0.5766639113426208,0.41725441813468933,0.006081691477447748
0.008787051774561405,0.9782021641731262,0.013010711409151554
0.004935594275593758,0.9213802814483643,0.07368413358926773
0.026745440438389778,0.9637696743011475,0.009484916925430298
0.032272741198539734,0.9592727422714233,0.008454497903585434
0.0014100178377702832,0.40691572427749634,0.591674268245697
0.5361456274986267,0.4578721821308136,0.005982191767543554
0.0024649419356137514,0.9596700072288513,0.03786507248878479
0.003205203916877508,0.9763176441192627,0.020477142184972763
0.5533417463302612,0.44111815094947815,0.005540067795664072
0.3214578628540039,0.6716810464859009,0.0068610552698373795
0.0067160832695662975,0.9742347002029419,0.01904919371008873
0.5563400387763977,0.43778055906295776,0.005879417061805725
0.3385665714740753,0.6532567143440247,0.008176766335964203
0.01056660059839487,0.9708450436592102,0.018588317558169365
0.05647369846701622,0.9356025457382202,0.007923743687570095
0.00939470436424017,0.9802145957946777,0.010390671901404858
0.1324937343597412,0.8564542531967163,0.011052035726606846
0.09384477883577347,0.8984763026237488,0.007678957190364599
0.443593293428421,0.5495897531509399,0.006817001849412918
0.19105888903141022,0.8022321462631226,0.006708985660225153
0.927433967590332,0.06952687352895737,0.0030391064938157797
0.8456421494483948,0.1506236344575882,0.0037342130672186613
0.001704634865745902,0.9275742769241333,0.0707210823893547
0.0019428640371188521,0.8702406287193298,0.12781648337841034
0.08728648722171783,0.9056171774864197,0.007096370216459036
0.005342360585927963,0.9824221730232239,0.012235498055815697
0.0021138202864676714,0.9409619569778442,0.056924231350421906
0.5031386613845825,0.49047935009002686,0.006381923332810402
0.05221550539135933,0.9397092461585999,0.008075233548879623
0.008052386343479156,0.9783365726470947,0.013611067086458206
0.00846157781779766,0.977568507194519,0.01396989542990923
0.7158703207969666,0.2789856195449829,0.005144054535776377
0.38646000623703003,0.6070065498352051,0.006533459760248661
0.8740088939666748,0.12243475019931793,0.00355636328458786
0.055455051362514496,0.9347034096717834,0.0098415557295084
0.0015378562966361642,0.9087896943092346,0.08967246860265732
0.0017679197480902076,0.8724912405014038,0.12574082612991333
0.5122503638267517,0.47991517186164856,0.00783445592969656
0.4480276107788086,0.5463299751281738,0.005642394535243511
0.030774036422371864,0.9567142128944397,0.01251171063631773
0.10677427053451538,0.8830368518829346,0.010188903659582138
0.009752888232469559,0.9780687093734741,0.012178369797766209
0.027253763750195503,0.9525970816612244,0.020149195566773415
0.19743111729621887,0.794704794883728,0.007864062674343586
0.01054880116134882,0.9683771729469299,0.021074073389172554
0.6520605683326721,0.34282517433166504,0.005114229395985603
0.6943390965461731,0.3003828823566437,0.005278050899505615
0.16532574594020844,0.8261694312095642,0.00850478932261467
0.011492568999528885,0.9669079184532166,0.02159949019551277
0.6926224231719971,0.30164042115211487,0.005737068597227335
0.49924683570861816,0.4940226078033447,0.006730560678988695
0.05424998700618744,0.9334214329719543,0.01232852041721344
0.19886119663715363,0.7935444712638855,0.007594285067170858
0.04678606614470482,0.9238966107368469,0.029317272827029228
0.012130429968237877,0.9768915772438049,0.010977962985634804
0.7740004658699036,0.22164349257946014,0.00435600383207202
0.4850104749202728,0.5077323913574219,0.007257192395627499
0.0029094356577843428,0.9491441249847412,0.047946467995643616
0.004123404156416655,0.9759697318077087,0.01990683004260063
0.10805580019950867,0.8827196955680847,0.009224454872310162
0.4762524962425232,0.5172593593597412,0.006488151848316193
0.0025556928012520075,0.9606144428253174,0.03682989999651909
0.08579842746257782,0.9054583311080933,0.008743193000555038
0.8377294540405273,0.15873464941978455,0.003535878611728549
0.5549936294555664,0.4399385154247284,0.005067868158221245
0.4470345675945282,0.5464088320732117,0.006556592881679535
0.009532955475151539,0.978561282157898,0.011905715800821781
0.7993694543838501,0.19639743864536285,0.00423308415338397
0.011435606516897678,0.9742125272750854,0.014351913705468178
0.9292752742767334,0.06784908473491669,0.0028756323736160994
0.43110498785972595,0.5625810027122498,0.0063140736892819405
0.016767404973506927,0.9530370235443115,0.030195534229278564
0.8369978666305542,0.15946288406848907,0.003539241850376129
0.11636857688426971,0.8759719729423523,0.007659492082893848
0.9129955768585205,0.0839114859700203,0.0030929851345717907
0.007735225837677717,0.971507728099823,0.020757006481289864
0.15565676987171173,0.8365716338157654,0.007771668024361134
0.038230542093515396,0.9461869597434998,0.015582536347210407
0.2103082835674286,0.7718408703804016,0.01785089261829853
0.033783622086048126,0.9548141956329346,0.011402199976146221
0.1356935203075409,0.8570573925971985,0.007249063812196255
0.006170086562633514,0.979345440864563,0.014484412036836147
0.0021712318994104862,0.848402202129364,0.14942660927772522
0.014251885935664177,0.9759544730186462,0.009793594479560852
0.003643432864919305,0.9781449437141418,0.018211618065834045
0.18655936419963837,0.8054970502853394,0.007943596690893173
0.015606568194925785,0.9655312895774841,0.018862223252654076
0.9621942639350891,0.03493594005703926,0.002869729418307543
0.7466411590576172,0.24926160275936127,0.004097265191376209
0.142283096909523,0.850318431854248,0.007398508954793215
0.4607677459716797,0.5340377688407898,0.005194439552724361
0.24251015484333038,0.7503762245178223,0.007113659754395485
0.0033310239668935537,0.9766979813575745,0.01997103914618492
0.8122187852859497,0.18384861946105957,0.003932577092200518
0.08487661182880402,0.9060471057891846,0.009076330810785294
0.001510879723355174,0.8866052031517029,0.11188391596078873
0.0029176336247473955,0.9744551777839661,0.022627172991633415
0.21260684728622437,0.7795717120170593,0.007821441628038883
0.2783220410346985,0.7151013016700745,0.006576679181307554
0.020635172724723816,0.9703704714775085,0.008994320407509804
0.2466578483581543,0.7456337809562683,0.007708415854722261
0.40008074045181274,0.5936472415924072,0.006272065453231335
0.1217755451798439,0.871301531791687,0.0069229574874043465
0.36276552081108093,0.6285388469696045,0.008695602416992188
0.002370796399191022,0.9692018628120422,0.028427286073565483
0.9023234844207764,0.0941443145275116,0.003532181493937969
0.0034846444614231586,0.9785676598548889,0.017947660759091377
0.026478726416826248,0.96401447057724,0.009506866335868835
0.909713089466095,0.08687471598386765,0.0034121167846024036
0.12309260666370392,0.8683335781097412,0.008573753759264946
0.0016957900952547789,0.8972702026367188,0.10103393346071243
0.010893248952925205,0.9619770050048828,0.027129674330353737
0.0030305010732263327,0.8960366249084473,0.10093282908201218
0.004135507624596357,0.973556399345398,0.022308126091957092
0.0013796155108138919,0.35571378469467163,0.6429066061973572
0.9285888671875,0.06811930984258652,0.0032919179648160934
0.04813778027892113,0.9420512318611145,0.009811011143028736
0.022467846050858498,0.9673448204994202,0.010187394917011261
0.18598346412181854,0.8071296811103821,0.00688684917986393
0.07924719899892807,0.912995457649231,0.007757304701954126
0.8133349418640137,0.18299229443073273,0.003672689199447632
0.0037190846633166075,0.9794401526451111,0.016840742900967598
0.0017767014214769006,0.9308522939682007,0.06737096607685089
0.014639425091445446,0.9705551266670227,0.014805415645241737
0.058723051100969315,0.9301325678825378,0.011144375428557396
0.2661701738834381,0.7265700101852417,0.007259870879352093
0.6831766963005066,0.31193044781684875,0.004892805591225624
0.05852333456277847,0.9317193031311035,0.009757421910762787
0.0018778122030198574,0.921705424785614,0.0764167457818985
0.3145919740200043,0.678916871547699,0.0064911674708127975
0.49882254004478455,0.49440884590148926,0.006768644321709871
0.14063064754009247,0.8476120829582214,0.011757331900298595
0.016383226960897446,0.9725875854492188,0.011029177345335484
0.29227644205093384,0.7014721035957336,0.006251469720155001
0.3051472306251526,0.6875015497207642,0.007351239677518606
0.9072845578193665,0.08944527059793472,0.0032701354939490557
0.005427112337201834,0.9826275706291199,0.01194531936198473
0.009537925012409687,0.9721560478210449,0.018306003883481026
0.005658505950123072,0.9346069097518921,0.05973458290100098
0.15173983573913574,0.8350055813789368,0.013254594057798386
0.41896432638168335,0.5746189951896667,0.006416625808924437
0.7140777707099915,0.28124120831489563,0.004681000020354986
0.44711390137672424,0.5456559658050537,0.0072301048785448074
0.0019702233839780092,0.9153757095336914,0.08265411108732224
0.017386270686984062,0.9732489585876465,0.009364807978272438
0.0034758916590362787,0.9763861298561096,0.020137915387749672
0.011549197137355804,0.9686679244041443,0.019782889634370804
0.9516753554344177,0.04548726603388786,0.002837373176589608
0.019133294001221657,0.9713030457496643,0.009563729166984558
0.05246696248650551,0.9390633702278137,0.008469679392874241
0.0020357391331344843,0.7651482820510864,0.23281605541706085
0.002893296303227544,0.9673641920089722,0.029742488637566566
0.12426775693893433,0.8681703805923462,0.007561801001429558
0.05163952708244324,0.9368625283241272,0.011497972533106804
0.004881791304796934,0.9788656830787659,0.016252536326646805
0.06409274786710739,0.9262319803237915,0.009675288572907448
0.0027189834509044886,0.9652135372161865,0.03206748887896538
0.011641745455563068,0.973301351070404,0.015056897886097431
0.9494804739952087,0.047800462692976,0.002719067269936204
0.03974686563014984,0.9524273872375488,0.007825709879398346
0.027097487822175026,0.9625226259231567,0.010379893705248833
0.0034410767257213593,0.9725999236106873,0.023959005251526833
0.28225961327552795,0.7104159593582153,0.007324418053030968
0.6176120638847351,0.3747873902320862,0.007600533310323954
0.3683623671531677,0.624235212802887,0.007402411196380854
0.4851612448692322,0.5088453888893127,0.005993354599922895
0.0291457399725914,0.9565919041633606,0.014262390322983265
0.4088763892650604,0.5836191773414612,0.007504448760300875
0.2781188488006592,0.7138117551803589,0.008069361560046673
0.04521798714995384,0.9452012181282043,0.009580746293067932
0.09368187934160233,0.8948850035667419,0.011433130130171776
0.06884141266345978,0.9237090945243835,0.007449452765285969
0.4645509123802185,0.5287676453590393,0.006681439001113176
0.0026338768657296896,0.9655486941337585,0.03181740641593933
0.00284923380240798,0.9674986600875854,0.029652176424860954
0.0015276743797585368,0.923138439655304,0.07533387094736099
0.8426644206047058,0.15366671979427338,0.00366882118396461
0.018968971446156502,0.9694666862487793,0.01156430970877409
0.055978305637836456,0.9284845590591431,0.015537210740149021
0.012076658196747303,0.9711325764656067,0.01679077558219433
0.053661275655031204,0.9253988265991211,0.020939921960234642
0.3170754313468933,0.6708308458328247,0.012093780562281609
0.04055415838956833,0.9497479796409607,0.009697860106825829
0.02205580845475197,0.9648731350898743,0.013071082532405853
0.6726561188697815,0.32183852791786194,0.005505415610969067
0.10113172233104706,0.8887037634849548,0.010164513252675533
0.18127299845218658,0.8108113408088684,0.007915678434073925
0.005926365032792091,0.9736945033073425,0.020379120483994484
0.009445684030652046,0.974290132522583,0.016264213249087334
0.8233616948127747,0.1726991832256317,0.003939178306609392
0.1543043553829193,0.8389727473258972,0.006722889840602875
0.0023276316933333874,0.9271097779273987,0.07056261599063873
0.05879950150847435,0.9304326772689819,0.010767771862447262
0.00881217047572136,0.978020966053009,0.013166836462914944
0.014400324784219265,0.9748812913894653,0.010718412697315216
0.7533683776855469,0.24103334546089172,0.005598205607384443
0.011797884479165077,0.9747835397720337,0.013418525457382202
0.4458376169204712,0.5483545064926147,0.005807911977171898
0.009552845731377602,0.9795758128166199,0.010871400125324726
0.5653871893882751,0.42878612875938416,0.005826656706631184
0.7819457650184631,0.2133132666349411,0.004740904550999403
0.405720055103302,0.5856316685676575,0.008648276329040527
0.002037113532423973,0.8828567266464233,0.11510615050792694
0.6181795001029968,0.3754085302352905,0.006411907263100147
0.44509023427963257,0.5475115776062012,0.007398225832730532
0.6094704866409302,0.3850213587284088,0.005508134141564369
0.2665771245956421,0.7244666218757629,0.008956191129982471
0.23785531520843506,0.7548649907112122,0.00727962888777256
0.06070496141910553,0.928309440612793,0.010985609143972397
0.008038653992116451,0.9760000109672546,0.015961291268467903
0.04024011641740799,0.9468891024589539,0.01287077832967043
0.0019200294045731425,0.8867067098617554,0.11137323826551437
0.003867350285872817,0.9817414879798889,0.014391214586794376
0.022387268021702766,0.9660625457763672,0.011550181545317173
0.10847796499729156,0.8810926079750061,0.01042944099754095
0.099871426820755,0.886792004108429,0.01333655696362257
0.011744131334125996,0.9632428288459778,0.025013117119669914
0.00666585611179471,0.9812832474708557,0.012050885707139969
0.0028953170403838158,0.9660698771476746,0.03103480488061905
0.7818363308906555,0.21421174705028534,0.003951971884816885
0.0038514279294759035,0.9767898917198181,0.01935872994363308
0.0034404266625642776,0.967652440071106,0.02890711836516857
0.20272290706634521,0.7908443212509155,0.006432793103158474
0.00228175800293684,0.9691661596298218,0.028552113100886345
0.0025379930157214403,0.8882648348808289,0.10919718444347382
0.0025834322441369295,0.7321683764457703,0.26524823904037476
0.04342212900519371,0.9476785659790039,0.008899313397705555
0.23924735188484192,0.7536095976829529,0.007143072783946991
0.004411440342664719,0.9801163673400879,0.015472209081053734
0.00259739113971591,0.9690117835998535,0.028390806168317795
0.0020653060637414455,0.9079745411872864,0.08996019512414932
0.032574091106653214,0.9563684463500977,0.011057456955313683
0.04568729177117348,0.9350606799125671,0.019252007827162743
0.614940881729126,0.3793807625770569,0.005678352899849415
0.2994852364063263,0.6924840807914734,0.008030646480619907
0.13065163791179657,0.8601656556129456,0.009182724170386791
0.00306929019279778,0.9700527787208557,0.026877975091338158
0.5787650346755981,0.4129408895969391,0.008294052444398403
0.7670978307723999,0.22883634269237518,0.004065847024321556
0.8102292418479919,0.18571187555789948,0.004058861173689365
0.18081016838550568,0.81086665391922,0.008323125541210175
0.8975009918212891,0.09917319566011429,0.0033257517497986555
0.003184380941092968,0.9751954674720764,0.021620139479637146
0.026226753368973732,0.9572784304618835,0.016494793817400932
0.04603035748004913,0.942499041557312,0.011470584198832512
0.07988154888153076,0.9117127656936646,0.008405693806707859
0.18261291086673737,0.8076131939888,0.009773933328688145
0.6732774376869202,0.32162097096443176,0.005101631861180067
0.5397172570228577,0.45453330874443054,0.005749477539211512
0.0025764540769159794,0.9764109253883362,0.021012648940086365
0.004395280499011278,0.9685746431350708,0.027030080556869507
0.009825426153838634,0.9783141016960144,0.011860489845275879
0.6199267506599426,0.37415480613708496,0.005918401293456554
0.9030641317367554,0.09376466274261475,0.003171168966218829
0.2876591980457306,0.7062111496925354,0.006129653193056583
0.8204872012138367,0.17574359476566315,0.0037691995967179537
0.04604950174689293,0.9453368186950684,0.008613679558038712
0.13945753872394562,0.8522124290466309,0.008330076932907104
0.07887093722820282,0.914174497127533,0.0069544934667646885
0.4187546968460083,0.5739580392837524,0.007287223823368549
0.11848381906747818,0.869889497756958,0.011626721359789371
0.0024191569536924362,0.9445486068725586,0.05303218215703964
0.317864328622818,0.6745194792747498,0.007616195362061262
0.021218428388237953,0.9620029330253601,0.01677863672375679
0.5549806356430054,0.4394300878047943,0.005589270498603582
0.5258231163024902,0.46882444620132446,0.00535245006904006
0.006837879773229361,0.9650077819824219,0.028154296800494194
0.005169326905161142,0.9773530960083008,0.017477594316005707
0.0017296854639425874,0.9256900548934937,0.07258021086454391
0.2821894884109497,0.7105370163917542,0.007273472845554352
0.148555725812912,0.8453453779220581,0.0060989088378846645
0.0026063215918838978,0.9691369533538818,0.028256697580218315
0.7708954215049744,0.22489596903324127,0.004208600614219904
0.27452224493026733,0.7177877426147461,0.007690048776566982
0.39918503165245056,0.594096302986145,0.00671862019225955
0.01576508954167366,0.9718686938285828,0.012366173788905144
0.00962409470230341,0.9781061410903931,0.012269813567399979
0.25426343083381653,0.735377311706543,0.010359194129705429
0.001631269115023315,0.8282632827758789,0.1701054722070694
0.5537309646606445,0.43989288806915283,0.006376188714057207
0.005153955426067114,0.9818834066390991,0.012962646782398224
0.862323522567749,0.1342262178659439,0.0034502330236136913
0.8793988227844238,0.11734159290790558,0.0032596983946859837
0.8544065356254578,0.1419508010149002,0.003642645664513111
0.17153657972812653,0.8204808235168457,0.007982662878930569
0.005797560792416334,0.9752876162528992,0.01891477406024933
0.14424550533294678,0.8471254110336304,0.008629054762423038
0.00665037939324975,0.9694404602050781,0.023909153416752815
0.004632178694009781,0.9802606701850891,0.015107179060578346
0.004427807405591011,0.978490948677063,0.01708117313683033
0.3987487256526947,0.5950395464897156,0.006211749278008938
0.009394124150276184,0.9737018346786499,0.016903990879654884
0.2618512511253357,0.7306515574455261,0.007497187703847885
0.056467730551958084,0.9343485832214355,0.00918364804238081
0.008768096566200256,0.9593110084533691,0.03192085772752762
0.0055382102727890015,0.9732787609100342,0.021182991564273834
0.7328646183013916,0.26247578859329224,0.004659572616219521
0.8946214914321899,0.10226500034332275,0.0031135687604546547
0.003180959727615118,0.9700413346290588,0.02677767723798752
0.0019462471827864647,0.9251218438148499,0.07293190062046051
0.05053606256842613,0.9411618709564209,0.008302089758217335
0.6641731858253479,0.33005383610725403,0.005772941280156374
0.04301530122756958,0.9476577043533325,0.009327027015388012
0.5521396398544312,0.44255176186561584,0.005308570805937052
0.08568738400936127,0.8964462876319885,0.017866350710392
0.0016658370150253177,0.9281843304634094,0.07014986127614975
0.3987434506416321,0.5945040583610535,0.0067525203339755535
0.025194168090820312,0.9513282775878906,0.0234775822609663
0.870999276638031,0.12561510503292084,0.0033855889923870564
0.004180895164608955,0.981331467628479,0.014487627893686295
0.15412811934947968,0.8380802273750305,0.00779167003929615
0.10297763347625732,0.8886792659759521,0.008343147113919258
0.4333113431930542,0.5602072477340698,0.006481443531811237
0.012845306657254696,0.9760752320289612,0.011079499498009682
0.02262542024254799,0.9645998477935791,0.012774704024195671
0.5425258278846741,0.4520743489265442,0.005399859044700861
0.0014787681866437197,0.7605533599853516,0.2379678189754486
0.3392251133918762,0.6544904112815857,0.0062845186330378056
0.5965422987937927,0.3985227346420288,0.004934953060001135
0.2758386433124542,0.716553807258606,0.007607511710375547
0.8549689054489136,0.1417170912027359,0.003313943976536393
0.9319624304771423,0.0652468279004097,0.002790667349472642
0.6436283588409424,0.3513925075531006,0.004979074466973543
0.006532059982419014,0.9684262871742249,0.025041712448000908
0.006618500221520662,0.9793848991394043,0.013996646739542484
0.5628933310508728,0.4313492774963379,0.005757445469498634
0.16000805795192719,0.8329495191574097,0.007042406592518091
0.006912406533956528,0.9801133871078491,0.012974191457033157
0.002326705027371645,0.9617243409156799,0.03594890236854553
0.10584168881177902,0.8851797580718994,0.008978519588708878
0.8698288202285767,0.12640869617462158,0.003762554842978716
0.17624278366565704,0.8173748254776001,0.0063823978416621685
0.23004493117332458,0.7619887590408325,0.007966272532939911
0.06646694242954254,0.9225676655769348,0.010965420864522457
0.27911174297332764,0.7142080664634705,0.006680182181298733
0.0033982694149017334,0.9785817265510559,0.01802000030875206
0.2553386688232422,0.7367693185806274,0.007891966961324215
0.70228111743927,0.2929730713367462,0.004745859187096357
0.8821551203727722,0.11456059664487839,0.0032842648215591908
0.5481328964233398,0.4466157853603363,0.005251382011920214
0.6934078335762024,0.3021395206451416,0.0044527193531394005
0.0037707386072725058,0.979939341545105,0.01628991775214672
0.0036448114551603794,0.9656228423118591,0.030732333660125732
0.0110428836196661,0.9771443009376526,0.011812783777713776
0.004073059186339378,0.9763491153717041,0.019577838480472565
0.02932499162852764,0.960370659828186,0.010304411873221397
0.0015795137733221054,0.9086276888847351,0.08979279547929764
0.6140639781951904,0.38105931878089905,0.004876750987023115
0.006731599569320679,0.9805892705917358,0.012679165229201317
0.038011807948350906,0.9543331265449524,0.0076550887897610664
0.00554049713537097,0.981691300868988,0.01276822667568922
0.16870073974132538,0.82402503490448,0.007274231407791376
0.010865540243685246,0.9787734150886536,0.010361072607338428
0.012649334035813808,0.9774358868598938,0.009914769791066647
0.1153324767947197,0.8734445571899414,0.011222921311855316
0.4816605746746063,0.5130038261413574,0.005335567984730005
0.03328879922628403,0.9568403363227844,0.009870790876448154
0.015234631486237049,0.9004821181297302,0.08428321778774261
0.890686571598053,0.10604717582464218,0.0032662474550306797
0.0029215950053185225,0.9641388654708862,0.032939497381448746
0.8249127864837646,0.17144551873207092,0.0036417043302208185
0.006260572001338005,0.9812193512916565,0.0125200767070055
0.0025113383308053017,0.9720592498779297,0.025429418310523033
0.11339279264211655,0.879029393196106,0.007577840238809586
0.04994136095046997,0.9407341480255127,0.009324523620307446
0.00245585641823709,0.9660122394561768,0.03153190016746521
0.1850196272134781,0.8053465485572815,0.0096338652074337
0.7959360480308533,0.20008344948291779,0.003980532288551331
0.018881451338529587,0.9422722458839417,0.03884631395339966
0.303337037563324,0.6892535090446472,0.007409427314996719
0.9223546385765076,0.07456845045089722,0.0030769482254981995
0.6739373207092285,0.3209240734577179,0.005138701759278774
0.005565566476434469,0.9526990056037903,0.04173540323972702
0.16493797302246094,0.8251026272773743,0.009959407150745392
0.004116341471672058,0.9806802868843079,0.015203340910375118
0.01695236563682556,0.9618629813194275,0.02118467353284359
0.5406254529953003,0.4536748230457306,0.0056997621431946754
0.008081518113613129,0.7896072268486023,0.2023112177848816
0.42754065990448,0.5657837986946106,0.006675573531538248
0.7184335589408875,0.2771981954574585,0.00436820462346077
0.47047993540763855,0.5214312672615051,0.008088810369372368
0.0030015306547284126,0.9651461243629456,0.0318523570895195
0.39781373739242554,0.5961719155311584,0.006014333572238684
0.17394378781318665,0.8186029195785522,0.0074533214792609215
0.2367783486843109,0.7567876577377319,0.00643404433503747
0.02765384316444397,0.9621896743774414,0.01015649363398552
0.33170023560523987,0.66032475233078,0.007974982261657715
0.6470782160758972,0.3475845158100128,0.005337300710380077
0.020188087597489357,0.9695754647254944,0.010236470960080624
0.006631914526224136,0.9732663631439209,0.02010175958275795
0.04684394225478172,0.9452335238456726,0.007922547869384289
0.004346975591033697,0.9714332818984985,0.024219781160354614
0.8820818662643433,0.11465257406234741,0.0032656239345669746
0.1633293777704239,0.8283560872077942,0.008314577862620354
0.3357579708099365,0.6570864915847778,0.007155511528253555
0.001985555049031973,0.9205135703086853,0.07750082015991211
0.028606589883565903,0.9607715606689453,0.010621878318488598
0.0016024588840082288,0.9284228682518005,0.06997466087341309
0.04049825668334961,0.9515253901481628,0.007976379245519638
0.00871269777417183,0.9716310501098633,0.01965620182454586
0.004598402418196201,0.9785070419311523,0.01689457893371582
0.01165113877505064,0.9608840346336365,0.027464838698506355
0.0061270263977348804,0.9766760468482971,0.017196884378790855
0.05179654061794281,0.9307622313499451,0.01744123362004757
0.07419496029615402,0.9168620109558105,0.008943024091422558
0.0022426582872867584,0.9703980684280396,0.027359269559383392
0.0025437327567487955,0.9592902064323425,0.03816607594490051
0.0019225296564400196,0.9346827864646912,0.06339461356401443
0.3374980092048645,0.6560001373291016,0.006501924246549606
0.2541655898094177,0.7379834055900574,0.007850969210267067
0.36022305488586426,0.6295191645622253,0.010257769376039505
0.07571429014205933,0.915645182132721,0.008640606887638569
0.18494267761707306,0.8071413040161133,0.007916044443845749
0.07397232204675674,0.9115968346595764,0.014430833049118519
0.013332916423678398,0.976111650466919,0.010555405169725418
0.002608706708997488,0.9671119451522827,0.03027932718396187
0.08437076210975647,0.9083278775215149,0.00730135478079319
0.04802442714571953,0.944139301776886,0.007836238481104374
0.003222371218726039,0.9770323038101196,0.01974532939493656
0.004121900536119938,0.8692455291748047,0.12663252651691437
0.8238199353218079,0.17190712690353394,0.004272988066077232
0.0027930729556828737,0.916984498500824,0.080222487449646
0.08533631265163422,0.9057159423828125,0.008947704918682575
0.0021938798017799854,0.9409416913986206,0.05686438828706741
0.02045588567852974,0.9665004014968872,0.013043719343841076
0.44548162817955017,0.5482538342475891,0.006264572963118553
0.0017083751736208797,0.937220573425293,0.061070989817380905
0.006423571612685919,0.9786720275878906,0.014904447831213474
0.08330252766609192,0.903208315372467,0.013489116914570332
0.0068636746145784855,0.9651090502738953,0.0280272476375103
0.19265328347682953,0.7993047833442688,0.0080419285222888
0.00388386775739491,0.9775381684303284,0.01857798360288143
0.00741783669218421,0.9775007963180542,0.01508131343871355
0.44407397508621216,0.5503252148628235,0.0056008570827543736
0.0022619394585490227,0.9426510334014893,0.05508704483509064
0.002971299458295107,0.9603467583656311,0.03668190911412239
0.05813227966427803,0.9102628231048584,0.03160491958260536
0.4635336399078369,0.5301498174667358,0.006316598039120436
0.00293857604265213,0.9638239741325378,0.03323743864893913
0.002299338113516569,0.9702041149139404,0.027496587485074997
0.04724183306097984,0.9431236982345581,0.009634518064558506
0.7781597375869751,0.21697039902210236,0.0048698545433580875
0.8135671019554138,0.1824185997247696,0.004014292731881142
0.0048662219196558,0.9768728017807007,0.018260996788740158
0.18949179351329803,0.8027167320251465,0.007791453041136265
0.002709390362724662,0.9703366756439209,0.02695390395820141
0.004489421844482422,0.9805411696434021,0.014969457872211933
0.009025412611663342,0.9650322198867798,0.02594240941107273
0.006619899068027735,0.9778503179550171,0.015529770404100418
0.017373695969581604,0.9732530117034912,0.009373219683766365
0.6539211869239807,0.34088990092277527,0.005188883747905493
0.029213059693574905,0.9618607759475708,0.00892619788646698
0.3089834153652191,0.6839737296104431,0.007042832672595978
0.009723924100399017,0.9449275135993958,0.045348603278398514
0.041133370250463486,0.9507202506065369,0.008146340027451515
0.9548721313476562,0.04244633764028549,0.0026814613956958055
0.3500668704509735,0.6420086026191711,0.007924441248178482
0.14041392505168915,0.846255362033844,0.013330655172467232
0.3411095142364502,0.6457936763763428,0.01309683546423912
0.9350448250770569,0.061907872557640076,0.0030472101643681526
0.0044687725603580475,0.9781044125556946,0.017426779493689537
0.010735712014138699,0.9780656695365906,0.011198658496141434
0.0030457493849098682,0.9776784181594849,0.019275842234492302
0.07625307887792587,0.9132062792778015,0.010540591552853584
0.002023957669734955,0.9631606340408325,0.034815434366464615
0.054574139416217804,0.9369029402732849,0.008522937074303627
0.07534967362880707,0.9159857034683228,0.008664590306580067
0.21576103568077087,0.7778854966163635,0.006353513337671757
0.501179575920105,0.49264031648635864,0.006180156953632832
0.008836211636662483,0.976699948310852,0.014463854022324085
0.005020344164222479,0.9754701256752014,0.019509494304656982
0.11698067933320999,0.8712697625160217,0.011749512515962124
0.792313814163208,0.2036975622177124,0.003988639917224646
0.021422473713755608,0.9658905863761902,0.012686986476182938
0.39671555161476135,0.5965372323989868,0.0067472090013325214
0.8198959231376648,0.1729634702205658,0.0071406373754143715
0.6458835005760193,0.3490504324436188,0.005066044628620148
0.007816432975232601,0.9756532311439514,0.01653030514717102
0.0016964082606136799,0.9133087992668152,0.0849948301911354
0.10597487539052963,0.8872031569480896,0.006821963936090469
0.7947118282318115,0.20122428238391876,0.004063870757818222
0.0030671698041260242,0.9792009592056274,0.01773189939558506
0.005344809032976627,0.9772924184799194,0.01736273057758808
0.1613248586654663,0.8294405341148376,0.009234617464244366
0.2557932436466217,0.7376283407211304,0.006578454282134771
0.0030069509521126747,0.9757408499717712,0.021252218633890152
0.22105032205581665,0.7723035216331482,0.006646170746535063
0.5797083973884583,0.4144291579723358,0.005862365011125803
0.0028174063190817833,0.9754751324653625,0.02170749381184578
0.0018088568467646837,0.9207568764686584,0.0774342343211174
0.794588029384613,0.20162557065486908,0.0037864549085497856
0.012211251072585583,0.9761466383934021,0.011642131954431534
0.08421932905912399,0.9080505967140198,0.0077300649136304855
0.05232977867126465,0.9359149932861328,0.011755186133086681
0.0025281801354140043,0.8438228964805603,0.1536489576101303
0.10477651655673981,0.88496994972229,0.010253522545099258
0.628359317779541,0.36612290143966675,0.005517740733921528
0.0025313894730061293,0.9731374382972717,0.024331189692020416
0.3241657018661499,0.6681098341941833,0.007724420167505741
0.03390216454863548,0.9498187303543091,0.01627913862466812
0.05568346381187439,0.9343167543411255,0.009999741800129414
0.0031515604350715876,0.9693363904953003,0.02751208283007145
0.0021919722203165293,0.9664424061775208,0.03136567771434784
0.003627653932198882,0.9720797538757324,0.024292638525366783
0.0027932277880609035,0.9394807815551758,0.05772602558135986
0.18947117030620575,0.8025769591331482,0.007951920852065086
0.07801739126443863,0.912559986114502,0.009422664530575275
0.002755347639322281,0.9665187001228333,0.030725941061973572
0.042079340666532516,0.9419893026351929,0.015931332483887672
0.011018414981663227,0.9784936904907227,0.010487928055226803
0.4167611300945282,0.5761454701423645,0.007093370426446199
0.14026087522506714,0.8493238091468811,0.010415330529212952
0.17634722590446472,0.815637469291687,0.00801531970500946
0.6373804807662964,0.3576159179210663,0.005003560800105333
0.001314896740950644,0.2432381957769394,0.7554469108581543
0.24458901584148407,0.7465196251869202,0.008891322650015354
0.5048278570175171,0.4895385205745697,0.005633665714412928
0.02224820852279663,0.9681763648986816,0.009575462900102139
0.0067416648380458355,0.9766221642494202,0.016636207699775696
0.8881239891052246,0.10856613516807556,0.0033099085558205843
0.002062746789306402,0.957621157169342,0.04031608626246452
0.007324556354433298,0.850634753704071,0.14204062521457672
0.1503267139196396,0.8425734043121338,0.007099826354533434
0.3688054382801056,0.6249499320983887,0.006244623102247715
0.7295976877212524,0.26616889238357544,0.004233387298882008
0.04897366464138031,0.9416685104370117,0.00935786310583353
0.02141345851123333,0.96308434009552,0.015502178110182285
0.6211519837379456,0.3738781213760376,0.00496989581733942
0.038175590336322784,0.9529750943183899,0.008849292993545532
0.009056631475687027,0.9788674116134644,0.012075957842171192
0.005374134052544832,0.9785168766975403,0.016108939424157143
0.22956886887550354,0.7636629939079285,0.006768169347196817
0.5564101934432983,0.4374840259552002,0.006105721462517977
0.0020107515156269073,0.9603185057640076,0.037670720368623734
0.08046558499336243,0.9087195992469788,0.010814833454787731
0.002454249421134591,0.9588207006454468,0.03872505575418472
0.009720398113131523,0.9779410362243652,0.012338570319116116
0.004294614773243666,0.9764292240142822,0.01927611604332924
0.14266133308410645,0.8418188691139221,0.015519793145358562
0.002424900885671377,0.9725363254547119,0.025038830935955048
0.0015120693715289235,0.9261735677719116,0.07231436669826508
0.0014236941933631897,0.8763446807861328,0.12223160266876221
0.00150227639824152,0.7473127245903015,0.25118499994277954
0.0021986181382089853,0.9555674195289612,0.04223397374153137
0.5994101762771606,0.39521554112434387,0.005374294705688953
0.6037726998329163,0.390763521194458,0.005463799927383661
0.005950991064310074,0.9809070229530334,0.013141986913979053
0.0127518055960536,0.9671105742454529,0.020137647166848183
0.30094972252845764,0.6918242573738098,0.007225982379168272
0.3822440803050995,0.6114571690559387,0.006298686843365431
0.002454465953633189,0.9422704577445984,0.05527510493993759
0.00974942371249199,0.9566791653633118,0.03357139602303505
0.9339286684989929,0.06298919767141342,0.00308219064027071
0.059858538210392,0.9315598607063293,0.008581636473536491
0.09041799604892731,0.9011995792388916,0.008382424712181091
0.1019405648112297,0.8869807720184326,0.011078697629272938
0.3798135817050934,0.6139045357704163,0.006281821057200432
0.005132675636559725,0.9814497232437134,0.013417540118098259
0.005670035257935524,0.9751706123352051,0.019159311428666115
0.0062920511700212955,0.9809593558311462,0.012748616747558117
0.13242852687835693,0.8604362607002258,0.007135240361094475
0.01876571588218212,0.9704878926277161,0.010746368207037449
0.056151922792196274,0.9319150447845459,0.01193308550864458
0.012122190557420254,0.9727206826210022,0.015157072804868221
0.0013347057392820716,0.355977326631546,0.642687976360321
0.04078028351068497,0.9502172470092773,0.009002475067973137
0.0016847220249474049,0.813668966293335,0.18464629352092743
0.005770239979028702,0.9789193868637085,0.015310414135456085
0.002725801197811961,0.976111114025116,0.02116309106349945
0.015718398615717888,0.9734998345375061,0.010781745426356792
0.0030078596901148558,0.9752224683761597,0.021769706159830093
0.007925083860754967,0.9797897338867188,0.012285126373171806
0.009960964322090149,0.9794870018959045,0.010552016086876392
0.002111180452629924,0.9068517088890076,0.09103706479072571
0.022886330261826515,0.9652907252311707,0.011822906322777271
0.0023795950692147017,0.9713411331176758,0.026279252022504807
0.003649568185210228,0.9799237847328186,0.01642662100493908
0.002024161396548152,0.9575117230415344,0.04046415165066719
0.0028684583958238363,0.9779446721076965,0.01918686367571354
0.0016290287021547556,0.8200318813323975,0.17833906412124634
0.010427800007164478,0.9792757034301758,0.010296537540853024
0.23778900504112244,0.7534651756286621,0.00874581839889288
0.09575235843658447,0.8945167660713196,0.009730851277709007
0.013381090015172958,0.9774053692817688,0.00921353418380022
0.009529665112495422,0.9809985756874084,0.009471794590353966
0.0874277725815773,0.904359757900238,0.008212478831410408
0.007634149398654699,0.9808338284492493,0.011531966738402843
0.211000457406044,0.7811601758003235,0.007839400321245193
0.027792437002062798,0.9619942307472229,0.010213338769972324
0.061885587871074677,0.9309446215629578,0.00716973515227437
0.0025476503651589155,0.7170982956886292,0.2803540527820587
0.8034684062004089,0.19261908531188965,0.003912464249879122
0.01350519061088562,0.9758922457695007,0.010602488182485104
0.0015873140655457973,0.4733298420906067,0.5250828266143799
0.1110997125506401,0.8813299536705017,0.007570351008325815
0.136613130569458,0.8560495972633362,0.007337257731705904
0.023136209696531296,0.9670695662498474,0.009794250130653381
0.025628142058849335,0.9641830921173096,0.010188747197389603
0.047851696610450745,0.9444462060928345,0.007702128030359745
0.007485392037779093,0.9796807169914246,0.012833939865231514
0.0025131809525191784,0.9602816104888916,0.037205249071121216
0.01368304155766964,0.976104736328125,0.010212264955043793
0.05955713614821434,0.9324296712875366,0.008013266138732433
0.012955435551702976,0.9755499958992004,0.011494524776935577
0.5525707006454468,0.44230109453201294,0.005128250923007727
0.0016017775051295757,0.9351809024810791,0.06321730464696884
0.031958695501089096,0.9573835134506226,0.010657747276127338
0.016408422961831093,0.9719675779342651,0.011623979546129704
0.6001535058021545,0.39373862743377686,0.006107855588197708
0.004219399765133858,0.6305685043334961,0.3652121424674988
0.013535645790398121,0.9756223559379578,0.010841969400644302
0.005923925433307886,0.9774282574653625,0.01664785109460354
0.004590108525007963,0.9755925536155701,0.019817305728793144
0.052638716995716095,0.9377977252006531,0.009563523344695568
0.007813209667801857,0.8500723242759705,0.14211444556713104
0.019850395619869232,0.9645870923995972,0.01556252408772707
0.12207169085741043,0.8700198531150818,0.007908493280410767
0.013510998338460922,0.9639191031455994,0.02256995253264904
0.14259539544582367,0.8498626351356506,0.0075420206412673
0.001401446177624166,0.350307434797287,0.6482911109924316
0.0017560351407155395,0.9398984909057617,0.05834551528096199
0.1267567127943039,0.8637856841087341,0.009457561187446117
0.002759866416454315,0.950031042098999,0.04720909148454666
0.0014744338113814592,0.8588166832923889,0.13970887660980225
0.30639147758483887,0.6873820424079895,0.006226452998816967
0.21664682030677795,0.7758908271789551,0.007462365552783012
0.005196560639888048,0.9813372492790222,0.013466263189911842
0.42170676589012146,0.572469174861908,0.005824127234518528
0.004517154302448034,0.9813634157180786,0.01411944068968296
0.008486241102218628,0.9774537682533264,0.014059958979487419
0.3423160910606384,0.6516759991645813,0.006007967982441187
0.6352279186248779,0.35966041684150696,0.005111698992550373
0.0025128982961177826,0.9624218940734863,0.03506520763039589
0.62749183177948,0.36673465371131897,0.0057734777219593525
0.9057044386863708,0.09126736223697662,0.003028205828741193
0.0022652391344308853,0.940575361251831,0.057159412652254105
0.004563623107969761,0.9598425030708313,0.035593822598457336
0.00717600854113698,0.9810312390327454,0.011792786419391632
0.4282318353652954,0.5623946785926819,0.009373454377055168
0.017856914550065994,0.9695160984992981,0.01262697670608759
0.46842116117477417,0.5259149670600891,0.005663886666297913
0.017435869202017784,0.9669012427330017,0.015662897378206253
0.06736211478710175,0.9243782758712769,0.008259602822363377
0.0174078531563282,0.9718785285949707,0.010713608004152775
0.807870626449585,0.18811829388141632,0.0040110135450959206
0.07754748314619064,0.914863646030426,0.007588899228721857
0.002240185160189867,0.9322843551635742,0.06547544151544571
0.02427864819765091,0.9234134554862976,0.05230792239308357
0.6109822392463684,0.3839804530143738,0.005037333350628614
0.002426522085443139,0.9659704566001892,0.03160303831100464
0.02120051719248295,0.9701705574989319,0.00862888339906931
0.013934574089944363,0.9729868173599243,0.013078597374260426
0.263059139251709,0.7300539016723633,0.0068869381211698055
0.1394892781972885,0.8527655601501465,0.007745152805000544
0.05542505905032158,0.9373785257339478,0.007196389138698578
0.0039322334341704845,0.9792725443840027,0.01679527573287487
0.32584330439567566,0.6677272319793701,0.00642944173887372
0.28002387285232544,0.713549792766571,0.006426310166716576
0.0777604728937149,0.9138206839561462,0.008418790996074677
0.0022095597814768553,0.9654174447059631,0.032372988760471344
0.09086877107620239,0.9010337591171265,0.008097445592284203
0.04390866309404373,0.9393333792686462,0.016757968813180923
0.05722706392407417,0.9347915649414062,0.007981360889971256
0.9154718518257141,0.0814802274107933,0.00304781342856586
0.07970767468214035,0.9104098081588745,0.009882540442049503
0.12827131152153015,0.8592111468315125,0.012517528608441353
0.004253843799233437,0.9772860407829285,0.018460063263773918
0.05664392188191414,0.931469738483429,0.011886350810527802
0.1346987783908844,0.8562562465667725,0.009044946171343327
0.10199801623821259,0.8868336081504822,0.01116833183914423
0.07577229291200638,0.9155285358428955,0.008699137717485428
0.13297073543071747,0.8601842522621155,0.00684499042108655
0.05739578604698181,0.9345487952232361,0.008055399172008038
0.012871287763118744,0.9766313433647156,0.010497411713004112
0.07806795090436935,0.9115118384361267,0.010420230217278004
0.1389583945274353,0.8511172533035278,0.009924354963004589
0.03900790214538574,0.9512749314308167,0.00971708819270134
0.0026665925979614258,0.9769500494003296,0.020383378490805626
0.25272056460380554,0.739870011806488,0.00740940123796463
0.7247682213783264,0.2710956931114197,0.004136060364544392
0.022874753922224045,0.9671104550361633,0.01001481618732214
0.5384134650230408,0.45579060912132263,0.005795957986265421
0.014976979233324528,0.970164954662323,0.014858046546578407
0.0021445995662361383,0.9695120453834534,0.02834331803023815
0.8751453757286072,0.12148898094892502,0.0033656414598226547
0.016605697572231293,0.9733948707580566,0.009999389760196209
0.0020780793856829405,0.9320170283317566,0.06590485572814941
0.12113506346940994,0.8704275488853455,0.00843737367540598
0.002050770213827491,0.9619066715240479,0.036042530089616776
0.001982885878533125,0.9415080547332764,0.056509070098400116
0.0022831351961940527,0.9365916848182678,0.06112510338425636
0.016522524878382683,0.9741255044937134,0.009351969696581364
0.010631993412971497,0.974702775478363,0.014665159396827221
0.004950873553752899,0.9800449013710022,0.015004248358309269
0.13437995314598083,0.8583081960678101,0.007311889436095953
0.019884126260876656,0.9686038494110107,0.011512095108628273
0.7758675813674927,0.22014684975147247,0.003985610790550709
0.8994277119636536,0.09752108156681061,0.003051178762689233
0.3448363244533539,0.6487710475921631,0.006392608862370253
0.26176080107688904,0.7297111749649048,0.008528051897883415
0.0367194227874279,0.9541340470314026,0.009146531112492085
0.0019030855037271976,0.9544793963432312,0.04361759126186371
0.010398609563708305,0.9750101566314697,0.014591207727789879
0.25190091133117676,0.7408705949783325,0.007228495087474585
0.03247525915503502,0.9577054381370544,0.00981933530420065
0.2526386082172394,0.741073727607727,0.006287605967372656
0.1263643056154251,0.8656771183013916,0.007958535104990005
0.9571990370750427,0.039896685630083084,0.0029042521491646767
0.05274764075875282,0.9356591105461121,0.011593185365200043
0.23569242656230927,0.7550793290138245,0.009228285402059555
0.9328974485397339,0.0642419308423996,0.0028606613632291555
0.024622227996587753,0.9674667119979858,0.007911021821200848
0.6786211133003235,0.31654056906700134,0.0048383139073848724
0.0021868073381483555,0.9603783488273621,0.03743480145931244
0.6100450158119202,0.384368896484375,0.005586167797446251
0.03912888839840889,0.9510109424591064,0.009860151447355747
0.05792061239480972,0.9337034821510315,0.008375924080610275
0.006459937430918217,0.9791528582572937,0.014387186616659164
0.02242214046418667,0.9645873308181763,0.012990504503250122
0.0029196212999522686,0.9783980846405029,0.018682263791561127
0.003076762892305851,0.897361695766449,0.09956156462430954
0.022645171731710434,0.9612616896629333,0.016093052923679352
0.8594037890434265,0.1372225284576416,0.003373614978045225
0.0047379122115671635,0.9812793731689453,0.013982769101858139
0.01492574717849493,0.9727585911750793,0.012315656989812851
0.5827232003211975,0.4121982455253601,0.005078616552054882
0.006959023419767618,0.981451690196991,0.011589222587645054
0.6104457974433899,0.38415950536727905,0.00539472745731473
0.00669302511960268,0.9802802205085754,0.013026748783886433
0.03351543843746185,0.9578691720962524,0.008615422062575817
0.0025972770527005196,0.8392962217330933,0.15810652077198029
0.0605820007622242,0.9305099844932556,0.00890804547816515
0.5975421667098999,0.39693889021873474,0.005518956109881401
0.004104316234588623,0.9702616930007935,0.02563396282494068
0.04070543125271797,0.9507080912590027,0.008586432784795761
0.018874773755669594,0.972307562828064,0.00881768949329853
0.3597359359264374,0.633099377155304,0.007164663635194302
0.07907327264547348,0.9134092330932617,0.007517470046877861
0.008446875028312206,0.975860595703125,0.01569257490336895
0.002915810327976942,0.9463917016983032,0.050692468881607056
0.002059795195236802,0.9518032073974609,0.046137019991874695
0.34316080808639526,0.6507343053817749,0.006104891654103994
0.16299332678318024,0.8255025148391724,0.01150420494377613
0.007741725072264671,0.9711326360702515,0.021125657483935356
0.009878021664917469,0.9771918654441833,0.012930081225931644
0.0050751385278999805,0.9792283773422241,0.01569652371108532
0.0032327910885214806,0.9790233373641968,0.017743797972798347
0.024282829836010933,0.9631776809692383,0.012539486400783062
0.17687498033046722,0.8129894137382507,0.010135596618056297
0.005996359512209892,0.9785217642784119,0.01548189390450716
0.037733592092990875,0.9544519186019897,0.00781453400850296
0.003109266282990575,0.9792323708534241,0.01765836775302887
0.7104658484458923,0.2847381830215454,0.004795973654836416
0.0044642286375164986,0.9759544730186462,0.019581258296966553
0.001588308485224843,0.8849779963493347,0.11343375593423843
0.8807868957519531,0.11580424755811691,0.0034088538959622383
0.0012314713094383478,0.26211968064308167,0.7366489171981812
0.004227715544402599,0.9625324606895447,0.033239878714084625
0.9231166839599609,0.07401043176651001,0.0028727587778121233
0.003240036778151989,0.9745901226997375,0.022169824689626694
0.001757797901518643,0.8400104641914368,0.15823175013065338
0.003676086664199829,0.9769420623779297,0.019381806254386902
0.0075591313652694225,0.9755398631095886,0.016900934278964996
0.03631456568837166,0.9497427940368652,0.013942585326731205
0.0028430193196982145,0.9537651538848877,0.04339178279042244
0.0022997786290943623,0.9694176912307739,0.028282517567276955
0.6756784915924072,0.3192507326602936,0.005070750135928392
0.5210155248641968,0.47264716029167175,0.00633729062974453
0.07968147099018097,0.9125871658325195,0.007731396239250898
0.0007957147900015116,0.10656115412712097,0.8926430940628052
0.003009374951943755,0.9773938655853271,0.019596803933382034
0.2663252353668213,0.7252260446548462,0.008448676206171513
0.001919225906021893,0.8874796032905579,0.11060118675231934
0.07526485621929169,0.9156611561775208,0.009073996916413307
0.3995945155620575,0.5929666757583618,0.007438780274242163
0.0025916052982211113,0.9143904447555542,0.08301794528961182
0.012397718615829945,0.9766652584075928,0.010937046259641647
0.09399501979351044,0.8972697257995605,0.008735270239412785
0.08211199939250946,0.9077126383781433,0.01017544325441122
0.011576950550079346,0.9739239811897278,0.014499098993837833
0.041369520127773285,0.9479299783706665,0.010700460523366928
0.010802121832966805,0.9755986332893372,0.013599233701825142
0.95123690366745,0.04601968452334404,0.002743367338553071
0.007722462061792612,0.9802623987197876,0.012015208601951599
0.054098282009363174,0.9358648657798767,0.01003686897456646
0.004430181346833706,0.9788312315940857,0.016738634556531906
0.0017899110680446029,0.7902272343635559,0.20798291265964508
0.0024325649719685316,0.9651113748550415,0.03245607018470764
0.004765454214066267,0.9814091920852661,0.013825325295329094
0.009837325662374496,0.9744791388511658,0.015683544799685478
0.024857627227902412,0.9670708179473877,0.008071629330515862
0.07917376607656479,0.9128420948982239,0.007984182797372341
0.0023115233052521944,0.9682307839393616,0.02945774234831333
0.3980167508125305,0.5940367579460144,0.007946478202939034
0.06277798861265182,0.9293178915977478,0.007904118858277798
0.4782244563102722,0.5157784819602966,0.005997051019221544
0.1447324901819229,0.8471166491508484,0.00815090723335743
0.9037496447563171,0.09305990487337112,0.0031904985662549734
0.008518779650330544,0.9767235517501831,0.014757645316421986
0.003501458093523979,0.9753884673118591,0.02111004665493965
0.8165491819381714,0.1796540468931198,0.0037967809475958347
0.002846537623554468,0.9266034960746765,0.07055000960826874
0.0021697599440813065,0.7934662699699402,0.20436395704746246
0.9188011884689331,0.07813584804534912,0.003062952309846878
0.15073353052139282,0.8404595255851746,0.008806966245174408
0.0015583565691486,0.7554633617401123,0.2429783195257187
0.2797485291957855,0.7121511697769165,0.008100324310362339
0.7775245308876038,0.21847926080226898,0.003996262326836586
0.13701429963111877,0.8545989394187927,0.008386755362153053
0.0033492213115096092,0.9795081615447998,0.017142590135335922
0.00499044731259346,0.9797536730766296,0.015255886130034924
0.0017037068028002977,0.6821908950805664,0.3161054253578186
0.13808229565620422,0.8531951904296875,0.008722510188817978
0.002761196345090866,0.97627854347229,0.020960258319973946
0.6722317934036255,0.3231944739818573,0.004573667887598276
0.10007690638303757,0.8924399614334106,0.007483107969164848
0.0024311195593327284,0.9730290770530701,0.02453979104757309
0.2151663899421692,0.7778838872909546,0.0069497027434408665
0.3461098372936249,0.6472201347351074,0.006670014001429081
0.007734553422778845,0.9767704606056213,0.015495010651648045
0.005885831080377102,0.9818909764289856,0.012223128229379654
0.5035490989685059,0.4903075098991394,0.006143399514257908
0.26818814873695374,0.7238913774490356,0.007920512929558754
0.003652543295174837,0.9811501502990723,0.015197263099253178
0.040421877056360245,0.9515008926391602,0.008077255450189114
0.0017359353369101882,0.9111530780792236,0.0871109813451767
0.0038909572176635265,0.9791927337646484,0.016916325315833092
0.010475334711372852,0.9769162535667419,0.012608425691723824
0.0028078730683773756,0.9752442240715027,0.021947909146547318
0.013311497867107391,0.9756390452384949,0.011049504391849041
0.06981737911701202,0.9211311936378479,0.009051426313817501
0.08800648897886276,0.9045334458351135,0.0074600777588784695
0.00495362002402544,0.9722183346748352,0.022828098386526108
0.19307692348957062,0.8004383444786072,0.006484780460596085
0.001586342230439186,0.755105197429657,0.2433084398508072
0.09217492491006851,0.9002649188041687,0.007560135331004858
0.040696386247873306,0.9377951622009277,0.021508466452360153
0.003036117646843195,0.9658116102218628,0.031152265146374702
0.06853929162025452,0.9236747622489929,0.0077860173769295216
0.6965181827545166,0.29894018173217773,0.004541654139757156
0.010540125891566277,0.9787165522575378,0.010743343271315098
0.8926163911819458,0.10419349372386932,0.003190099960193038
0.04168100655078888,0.9443899393081665,0.013929074630141258
0.17383527755737305,0.8181789517402649,0.00798575859516859
0.002196528250351548,0.9695419669151306,0.028261451050639153
0.07026810944080353,0.9194000363349915,0.010331805795431137
0.7622610330581665,0.23352529108524323,0.0042137098498642445
0.00382305053062737,0.8297134041786194,0.16646355390548706
0.0019311154028400779,0.9568554162979126,0.04121344909071922
0.0047239875420928,0.9804820418357849,0.014793982729315758
0.06870270520448685,0.9237791895866394,0.007518150378018618
0.4721660912036896,0.5206678509712219,0.007166085299104452
0.010810213163495064,0.9782830476760864,0.01090675126761198
0.01814054325222969,0.9672783017158508,0.014581146650016308
0.023273272439837456,0.9481804966926575,0.028546208515763283
0.44258925318717957,0.5501534938812256,0.007257338147610426
0.020209476351737976,0.9694545865058899,0.010336006991565228
0.4011421799659729,0.592176079750061,0.006681765895336866
0.010153279639780521,0.9806028008460999,0.00924393068999052
0.8136261701583862,0.18284662067890167,0.003527245484292507
0.22839371860027313,0.7654957175254822,0.006110591348260641
0.006599931046366692,0.9768289923667908,0.016571098938584328
0.09842370450496674,0.8934161067008972,0.008160248398780823
0.0016600136877968907,0.8262125849723816,0.17212741076946259
0.0017734369030222297,0.9496752619743347,0.048551253974437714
0.020339004695415497,0.9712427258491516,0.00841820053756237
0.006334228441119194,0.9767048954963684,0.016960831359028816
0.08347976207733154,0.9081545472145081,0.008365744724869728
0.8253645896911621,0.17058460414409637,0.004050754010677338
0.08041121810674667,0.911883533000946,0.007705241441726685
0.192770317196846,0.7996766567230225,0.007553044706583023
0.271681547164917,0.7211490273475647,0.007169440388679504
0.018534621223807335,0.9671740531921387,0.014291294850409031
0.01907949335873127,0.9721437692642212,0.00877673365175724
0.16096073389053345,0.8306568264961243,0.008382489904761314
0.28011348843574524,0.7122189998626709,0.007667462807148695
0.19032852351665497,0.802638053894043,0.007033419795334339
0.0015267370035871863,0.7890247106552124,0.20944856107234955
0.07104994356632233,0.9207507967948914,0.008199290372431278
0.17209064960479736,0.8194437623023987,0.008465638384222984
0.03843555599451065,0.9522054195404053,0.009359009563922882
0.020076720044016838,0.9658825397491455,0.014040755107998848
0.0017437252681702375,0.9214815497398376,0.07677474617958069
0.0113523593172431,0.969836413860321,0.01881125196814537
0.0049416725523769855,0.9810034036636353,0.01405499130487442
0.22306352853775024,0.7706458568572998,0.0062906318344175816
0.04256105422973633,0.9476407766342163,0.009798204526305199
0.0164155475795269,0.9718899726867676,0.011694499291479588
0.24407702684402466,0.7493287920951843,0.006594168953597546
0.059219785034656525,0.9324424862861633,0.008337748236954212
0.0076764733530581,0.980138897895813,0.012184619903564453
0.0019799526780843735,0.9461379051208496,0.05188216269016266
0.016664952039718628,0.9717323780059814,0.011602689512073994
0.023676026612520218,0.9664495587348938,0.009874456562101841
0.05389795079827309,0.9368888139724731,0.009213315322995186
0.06041211262345314,0.9317603707313538,0.007827546447515488
0.03267080336809158,0.9505863785743713,0.016742873936891556
0.7357048392295837,0.25984689593315125,0.004448268562555313
0.5175621509552002,0.47732606530189514,0.005111748818308115
0.05262548476457596,0.93930983543396,0.008064618334174156
0.9096468091011047,0.08729889988899231,0.0030542341992259026
0.2842549681663513,0.7086737751960754,0.00707133486866951
0.0038858477491885424,0.9786812663078308,0.01743292436003685
0.2070690244436264,0.7856294512748718,0.007301511708647013
0.3907790780067444,0.6022163033485413,0.007004677318036556
0.004012008663266897,0.9675707221031189,0.028417296707630157
0.0023341828491538763,0.9688417911529541,0.028824051842093468
0.3583507537841797,0.6332823038101196,0.008366982452571392
0.04175470396876335,0.949432909488678,0.00881244521588087
0.4652286767959595,0.5289040207862854,0.005867333617061377
0.42870914936065674,0.564644455909729,0.006646389607340097
0.07082003355026245,0.9211528897285461,0.008027078583836555
0.4420797526836395,0.5513839721679688,0.0065362295135855675
0.0015871989307925105,0.869567334651947,0.12884552776813507
0.1842518299818039,0.8069608211517334,0.008787350729107857
0.006750547792762518,0.9787841439247131,0.014465236105024815
0.04831400513648987,0.9421708583831787,0.009515075013041496
0.14626970887184143,0.8446458578109741,0.009084449149668217
0.0030364457052201033,0.9750605821609497,0.02190292812883854
0.007714839186519384,0.9759356379508972,0.016349567100405693
0.0024103019386529922,0.9740093946456909,0.023580364882946014
0.004236982204020023,0.9818227291107178,0.01394024770706892
0.002810852602124214,0.9711695313453674,0.026019616052508354
0.09466966241598129,0.8973247408866882,0.008005627430975437
0.05031048506498337,0.9415398836135864,0.008149622939527035
0.010212626308202744,0.9749948382377625,0.014792469330132008
0.1451205611228943,0.8478122353553772,0.007067190948873758
0.015065446496009827,0.9679452180862427,0.016989393159747124
0.21799083054065704,0.7749375700950623,0.007071630097925663
0.5634188652038574,0.4303431212902069,0.006237995345145464
0.013141059316694736,0.9771839380264282,0.009674974717199802
0.04047391191124916,0.9479308724403381,0.011595227755606174
0.001992885721847415,0.9270856976509094,0.0709214136004448
0.40911680459976196,0.5844500660896301,0.006433173082768917
0.6387802362442017,0.3554370105266571,0.005782726686447859
0.45117202401161194,0.5427751541137695,0.006052805110812187
0.01604950614273548,0.9720912575721741,0.01185920462012291
0.2202136516571045,0.7716306447982788,0.00815575011074543
0.1908455491065979,0.8014097213745117,0.007744691334664822
0.04573674872517586,0.9452817440032959,0.008981455117464066
0.7009879946708679,0.29430145025253296,0.004710481036454439
0.6076366305351257,0.386918306350708,0.005445047747343779
0.07107342034578323,0.9192914366722107,0.009635129943490028
0.008157662115991116,0.9758980870246887,0.015944229438900948
0.6744493842124939,0.320911705493927,0.004638840910047293
0.1342039704322815,0.858227550983429,0.007568437606096268
0.3531416952610016,0.6390498280525208,0.007808467838913202
0.4935460090637207,0.5005517601966858,0.005902172531932592
0.45568862557411194,0.5385098457336426,0.005801486782729626
0.023469753563404083,0.9673458933830261,0.009184356778860092
0.0036257216706871986,0.9177350997924805,0.07863916456699371
0.06248154118657112,0.9048041105270386,0.0327143631875515
0.2989424169063568,0.694866955280304,0.0061906264163553715
0.22920969128608704,0.7642914056777954,0.006498874165117741
0.11819896101951599,0.8742698431015015,0.007531159091740847
0.013950938358902931,0.9755300283432007,0.010519052855670452
0.6939772367477417,0.30128946900367737,0.00473331892862916
0.7735081315040588,0.22277744114398956,0.003714501392096281
0.009168170392513275,0.976382851600647,0.014448985457420349
0.007234965451061726,0.9812588095664978,0.011506219394505024
0.8809571862220764,0.11585018783807755,0.0031926240772008896
0.02967175468802452,0.9544885754585266,0.015839602798223495
0.8332279920578003,0.16303639113903046,0.0037355031818151474
0.7444172501564026,0.2510144114494324,0.0045683193020522594
0.003970538731664419,0.9775786399841309,0.01845080778002739
0.5554401278495789,0.4391406774520874,0.005419181659817696
0.04530521482229233,0.9465570449829102,0.008137776516377926
0.2298581749200821,0.762577474117279,0.007564319297671318
0.004071876406669617,0.9774149656295776,0.01851319894194603
0.002565766451880336,0.9039201736450195,0.09351401031017303
0.06033270061016083,0.930905282497406,0.008762079291045666
0.12806391716003418,0.8640469312667847,0.007889227010309696
0.0045679230242967606,0.9794843792915344,0.015947740525007248
0.0033811337780207396,0.9509721398353577,0.04564667120575905
0.0025419157464057207,0.9685781002044678,0.028880013152956963
0.02340657450258732,0.966779887676239,0.009813561104238033
0.0871020182967186,0.9048146605491638,0.008083319291472435
0.027089877054095268,0.9627295136451721,0.01018055435270071
0.002045242814347148,0.9461455941200256,0.05180920660495758
0.3774326741695404,0.616793155670166,0.005774197168648243
0.5149603486061096,0.47895970940589905,0.00607993733137846
0.004559827037155628,0.9781764149665833,0.01726374588906765
0.29545798897743225,0.6963702440261841,0.008171744644641876
0.12843236327171326,0.8615735769271851,0.009994037449359894
0.002524541923776269,0.952368438243866,0.04510701075196266
0.0028076006565243006,0.923907995223999,0.07328435778617859
0.24901290237903595,0.740746021270752,0.010241092182695866
0.15304319560527802,0.8367410898208618,0.010215751826763153
0.00260749738663435,0.9725631475448608,0.02482941374182701
0.092281773686409,0.8994966745376587,0.008221558295190334
0.36502736806869507,0.6287450790405273,0.0062275477685034275
0.5352504849433899,0.4594433903694153,0.005306130740791559
0.28189101815223694,0.7109414935112,0.0071675158105790615
0.8358318209648132,0.16046877205371857,0.003699365071952343
0.12884806096553802,0.8637292981147766,0.007422627881169319
0.15837912261486053,0.8341420292854309,0.007478790823370218
0.0024787469301372766,0.9700042009353638,0.027516992762684822
0.07084134966135025,0.921460747718811,0.007697979919612408
0.006335652433335781,0.9812107086181641,0.012453584000468254
0.2824380099773407,0.7110652923583984,0.0064966692589223385
0.19303368031978607,0.7984533309936523,0.008513001725077629
0.3909994959831238,0.6028955578804016,0.00610490282997489
0.7181195020675659,0.2773868441581726,0.004493630025535822
0.034096065908670425,0.9563851356506348,0.009518827311694622
0.007412781938910484,0.977236270904541,0.015350978821516037
0.022163517773151398,0.960521399974823,0.017315035685896873
0.03535154461860657,0.9569746255874634,0.007673880085349083
0.0047387778759002686,0.9796388149261475,0.015622428618371487
0.115003302693367,0.8771418929100037,0.007854824885725975
0.08943095058202744,0.9020276069641113,0.008541463874280453
0.08334223181009293,0.9087337255477905,0.007924060337245464
0.1813148707151413,0.8103106617927551,0.008374443277716637
0.05366133525967598,0.9379532933235168,0.008385313674807549
0.798063337802887,0.19788417220115662,0.004052572883665562
0.1730746626853943,0.8184859156608582,0.00843948032706976
0.47833549976348877,0.5159850716590881,0.005679434165358543
0.170094296336174,0.8227893114089966,0.00711638480424881
0.018633287400007248,0.9707731604576111,0.010593528859317303
0.001591211068443954,0.8782848715782166,0.12012383341789246
0.018392140045762062,0.9694539904594421,0.01215383317321539
0.8395023345947266,0.15691091120243073,0.0035867132246494293
0.17352771759033203,0.819381058216095,0.00709124282002449
0.0035022692754864693,0.9784064292907715,0.018091347068548203
0.18845325708389282,0.8027967810630798,0.008749996311962605
0.5281941294670105,0.4663504958152771,0.005455400794744492
0.007673271000385284,0.9771667122840881,0.015159955248236656
0.05916043743491173,0.9337515234947205,0.00708806561306119
0.034782327711582184,0.9553599953651428,0.009857703931629658
0.002039145678281784,0.9470047950744629,0.050956036895513535
0.8103412985801697,0.1857999861240387,0.0038586913142353296
0.017207954078912735,0.9649558067321777,0.01783621869981289
0.0006916919373907149,0.043822918087244034,0.9554853439331055
0.029679549857974052,0.9623594284057617,0.00796105433255434
0.09595911204814911,0.8938658833503723,0.010174945928156376
0.6379469633102417,0.3564709424972534,0.0055821859277784824
0.1685584932565689,0.8211219906806946,0.010319514200091362
0.00863143615424633,0.9777849912643433,0.01358357910066843
0.007621385622769594,0.9803511500358582,0.012027502059936523
0.002113849390298128,0.9600511193275452,0.037835050374269485
0.0085921511054039,0.918056309223175,0.07335157692432404
0.025640083476901054,0.9640502333641052,0.010309679433703423
0.9750449657440186,0.022057535126805305,0.002897517289966345
0.1518251597881317,0.8408640623092651,0.007310808636248112
0.002166962716728449,0.9593114852905273,0.03852156922221184
0.7778851985931396,0.21788641810417175,0.004228428937494755
0.6552702188491821,0.3395111858844757,0.005218567792326212
0.026586301624774933,0.9619348049163818,0.011478903703391552
0.4683520197868347,0.5256035327911377,0.006044451612979174
0.6148290038108826,0.37991586327552795,0.005255050491541624
0.3018205761909485,0.6912107467651367,0.006968681700527668
0.01930713653564453,0.9717479944229126,0.008944843895733356
0.09930360317230225,0.8897870779037476,0.010909375734627247
0.0024044110905379057,0.970005452632904,0.027590183541178703
0.003494014497846365,0.9594151377677917,0.03709082677960396
0.060137826949357986,0.9293511509895325,0.010511010885238647
0.1520150899887085,0.8407986164093018,0.007186294067651033
0.0025505623780190945,0.9745281934738159,0.022921226918697357
0.2476140856742859,0.7440815567970276,0.008304337039589882
0.002743965247645974,0.9682857394218445,0.02897026389837265
0.007983274757862091,0.9800342321395874,0.011982515454292297
0.061518508940935135,0.9288129806518555,0.009668485261499882
0.8677896857261658,0.1287837028503418,0.0034265932627022266
0.3760579526424408,0.6175315380096436,0.006410466507077217
0.10680510848760605,0.8855963945388794,0.007598478812724352
0.003031400963664055,0.7154905200004578,0.2814781069755554
0.4154561460018158,0.5785064101219177,0.0060373833402991295
0.005526718217879534,0.9807639122009277,0.013709389604628086
0.007286766078323126,0.9795140027999878,0.01319922972470522
0.017989737913012505,0.9725631475448608,0.009447077289223671
0.0021556438878178596,0.5414409041404724,0.4564034938812256
0.007372288964688778,0.9801374077796936,0.012490329332649708
0.009784807451069355,0.9715228080749512,0.018692370504140854
0.89152991771698,0.10545003414154053,0.00302010215818882
0.002558130072429776,0.9596763849258423,0.037765488028526306
0.8920542597770691,0.10464616119861603,0.0032995417714118958
0.0017258728621527553,0.531447172164917,0.4668269753456116
0.006079958286136389,0.9444435238838196,0.049476463347673416
0.011566318571567535,0.9384331703186035,0.05000054091215134
0.005308858584612608,0.9774576425552368,0.01723344996571541
0.0021174526773393154,0.9651119112968445,0.03277060016989708
0.3199516534805298,0.6728920936584473,0.007156227249652147
0.00874532200396061,0.9257388114929199,0.065515898168087
0.20912593603134155,0.7825564742088318,0.008317600935697556
0.5283947587013245,0.46487438678741455,0.006730893161147833
0.002595581579953432,0.9629818201065063,0.034422606229782104
0.19378156960010529,0.7970294952392578,0.009188887663185596
0.09057875722646713,0.9011560082435608,0.008265277370810509
0.0759291872382164,0.9156963229179382,0.008374501019716263
0.017605841159820557,0.9733259677886963,0.009068174287676811
0.0016021830961108208,0.9358701109886169,0.06252777576446533
0.024947047233581543,0.9657385945320129,0.009314346127212048
0.009097631089389324,0.9781010150909424,0.01280138548463583
0.002573165111243725,0.6723433136940002,0.32508352398872375
0.04448163881897926,0.944389820098877,0.011128539219498634
0.002002754481509328,0.7808707356452942,0.2171264886856079
0.13448506593704224,0.856857180595398,0.008657718077301979
0.01365277636796236,0.9750664830207825,0.011280794627964497
0.1359812170267105,0.8568493127822876,0.007169513031840324
0.04612049087882042,0.940819263458252,0.013060281053185463
0.001739579951390624,0.8953412771224976,0.10291916877031326
0.01321388315409422,0.9743752479553223,0.012410808354616165
0.008775853551924229,0.9668402671813965,0.024383854120969772
0.07229544967412949,0.9189863204956055,0.0087182791903615
0.11902187764644623,0.8738067746162415,0.007171353325247765
0.023200135678052902,0.962843120098114,0.013956716284155846
0.0019691125489771366,0.9336761832237244,0.06435471028089523
0.07657650858163834,0.9138088226318359,0.009614629670977592
0.5860331654548645,0.40896469354629517,0.005002191755920649
0.002835329622030258,0.946107804775238,0.051056869328022
0.0014381479704752564,0.8417986631393433,0.1567631959915161
0.12095027416944504,0.8678245544433594,0.011225220747292042
0.01703854277729988,0.9610523581504822,0.021909074857831
0.03355986252427101,0.9574014544487,0.009038710035383701
0.08937312662601471,0.9021613001823425,0.008465529419481754
0.0038344047497957945,0.9778577089309692,0.018307914957404137
0.0022020572796463966,0.9584742784500122,0.03932371735572815
0.857517659664154,0.1389339417219162,0.0035484321415424347
0.0021458209957927465,0.9635778069496155,0.03427635133266449
0.001780125079676509,0.8366277813911438,0.16159208118915558
0.15975874662399292,0.8318897485733032,0.008351483382284641
0.10931915044784546,0.8831292390823364,0.007551650051027536
0.5523760914802551,0.4415763318538666,0.006047610193490982
0.8648125529289246,0.13172268867492676,0.003464788431301713
0.03665332868695259,0.9536822438240051,0.009664387442171574
0.11780852824449539,0.8731213212013245,0.00907016173005104
0.29667946696281433,0.6963889598846436,0.006931588519364595
0.09010922163724899,0.8976874351501465,0.012203367426991463
0.0015559656312689185,0.9075314402580261,0.09091255068778992
0.006941711530089378,0.9762085676193237,0.016849717125296593
0.013168800622224808,0.9750779271125793,0.01175333559513092
0.003138177329674363,0.9126453399658203,0.08421652019023895
0.0024350068997591734,0.9706793427467346,0.026885678991675377
0.034412361681461334,0.9525191783905029,0.013068404980003834
0.600453794002533,0.3945765793323517,0.004969635512679815
0.0016717996913939714,0.9084660410881042,0.0898621678352356
0.002300648018717766,0.96510249376297,0.03259682655334473
0.27748510241508484,0.7145400047302246,0.007974907755851746
0.07599283754825592,0.9141756296157837,0.009831533767282963
0.09793532639741898,0.8943614959716797,0.007703166920691729
0.002001452026888728,0.9601553082466125,0.03784320876002312
0.0025541887152940035,0.9732977747917175,0.02414807863533497
0.0028556205797940493,0.9701279401779175,0.02701645717024803
0.1932336837053299,0.7991496324539185,0.007616642862558365
0.7374088764190674,0.25798365473747253,0.004607418552041054
0.00208273041062057,0.9564939737319946,0.04142329841852188
0.8904836773872375,0.10614974051713943,0.0033665841910988092
0.0099064651876688,0.9784947633743286,0.01159877609461546
0.0019722755532711744,0.8870277404785156,0.11100003123283386
0.013283317908644676,0.9758474230766296,0.0108692217618227
0.06134670972824097,0.9256237745285034,0.013029543682932854
0.4178297817707062,0.5754787921905518,0.00669145816937089
0.7733222842216492,0.22233927249908447,0.004338449332863092
0.0014445650158450007,0.7650882601737976,0.23346717655658722
0.11776656657457352,0.8732550740242004,0.00897833239287138
0.3780350983142853,0.6144585013389587,0.007506478112190962
0.0070877415128052235,0.9762874245643616,0.01662481389939785
0.03755545616149902,0.9523535370826721,0.010091064497828484
0.8387942910194397,0.15761920809745789,0.0035865085665136576
0.29058924317359924,0.7016835808753967,0.007727206218987703
0.0064660306088626385,0.9814466238021851,0.012087315320968628
0.027030041441321373,0.9624687433242798,0.010501230135560036
0.060009270906448364,0.9316124320030212,0.008378325030207634
0.003119812114164233,0.9655290246009827,0.031351152807474136
0.0020907933358103037,0.8850377202033997,0.11287146806716919
0.004640430677682161,0.9820495247840881,0.013310040347278118
0.001634317683055997,0.822828471660614,0.17553724348545074
0.051385920494794846,0.9403079152107239,0.008306160569190979
0.036037638783454895,0.9505500793457031,0.013412334024906158
0.0028756808023899794,0.975837230682373,0.02128704823553562
0.3079376220703125,0.6851447820663452,0.0069175660610198975
0.001853763242252171,0.8982865810394287,0.09985969960689545
0.40728533267974854,0.5850217342376709,0.00769290653988719
0.07637173682451248,0.912989616394043,0.010638599283993244
0.8404300212860107,0.15604998171329498,0.00351999094709754
0.016845842823386192,0.9718759059906006,0.011278226971626282
0.1188187524676323,0.8741828799247742,0.006998412311077118
0.04458573833107948,0.9461672306060791,0.009246979840099812
0.009480150416493416,0.9780747890472412,0.012445075437426567
0.13054700195789337,0.8609541058540344,0.008498855866491795
0.0065826065838336945,0.8790480494499207,0.11436934024095535
0.3015614449977875,0.6887670159339905,0.009671557694673538
0.002777911489829421,0.9546226263046265,0.04259941726922989
0.040246497839689255,0.9477588534355164,0.011994695290923119
0.16399165987968445,0.8285638093948364,0.007444497663527727
0.012922883033752441,0.9750816822052002,0.011995475739240646
0.1541658192873001,0.8379243612289429,0.007909820415079594
0.0037794646341353655,0.9728140830993652,0.02340644784271717
0.23159483075141907,0.7611886262893677,0.0072165620513260365
0.7408626079559326,0.2544558346271515,0.004681576043367386
0.3270426392555237,0.6636260151863098,0.009331333450973034
0.20700769126415253,0.7830499410629272,0.009942359291017056
0.005111535545438528,0.9826000332832336,0.012288359925150871
0.8016250133514404,0.19411443173885345,0.004260566085577011
0.055196743458509445,0.9352585673332214,0.00954466313123703
0.8022966980934143,0.1936982125043869,0.004005099181085825
0.0028062895871698856,0.9640868902206421,0.03310680016875267
0.0030898612458258867,0.94926518201828,0.047645002603530884
0.0032593421638011932,0.9795102477073669,0.01723042130470276
0.5392728447914124,0.45485252141952515,0.0058747087605297565
0.07944110035896301,0.9125663042068481,0.007992548868060112
0.002974726492539048,0.972224771976471,0.024800507351756096
0.03496676683425903,0.9519935250282288,0.013039693236351013
0.8065567016601562,0.18915073573589325,0.004292606841772795
0.06966838985681534,0.9233412742614746,0.006990341003984213
0.23850016295909882,0.7540218234062195,0.007478001061826944
0.004937921185046434,0.9650976061820984,0.02996453456580639
0.014067703858017921,0.974499523639679,0.011432752944529057
0.0028317526448518038,0.9726268649101257,0.024541368708014488
0.5419417023658752,0.4523860216140747,0.005672278814017773
0.004443696700036526,0.9802614450454712,0.015294835902750492
0.004185850266367197,0.9770486950874329,0.018765462562441826
0.003267117775976658,0.9764403700828552,0.020292483270168304
0.002541357185691595,0.966877818107605,0.03058074600994587
0.8131021857261658,0.18289867043495178,0.003999087028205395
0.0022717148531228304,0.9641525149345398,0.033575765788555145
0.0765027105808258,0.9142522215843201,0.009245061315596104
0.36259934306144714,0.6288642883300781,0.00853643100708723
0.05769684165716171,0.9317643046379089,0.010538876987993717
0.004211906809359789,0.964042603969574,0.031745534390211105
0.387797087430954,0.6059902310371399,0.006212619133293629
0.004137687385082245,0.9793630838394165,0.016499271616339684
0.11235947161912918,0.8785015940666199,0.009138952009379864
0.0045995390973985195,0.9623979330062866,0.03300248458981514
0.057257819920778275,0.9346300959587097,0.00811206828802824
0.40326276421546936,0.5907553434371948,0.005981831811368465
0.005981034133583307,0.9601151943206787,0.03390377759933472
0.9010148048400879,0.09571809321641922,0.0032670486252754927
0.30602535605430603,0.6872062087059021,0.006768404971808195
